# Existing M3 partition table (16 MiB flash), retained by identity migration.
# Factory recovery plus two 4 MiB OTA slots. The migration tool verifies the
# installed table and preserves it; app-only OTA cannot migrate partitions.
# Name,     Type, SubType,  Offset,    Size
nvs,        data, nvs,      0x9000,    0x6000
phy_init,   data, phy,      0xf000,    0x1000
otadata,    data, ota,      0x10000,   0x2000
factory,    app,  factory,  0x20000,   0x400000
ota_0,      app,  ota_0,    0x420000,  0x400000
ota_1,      app,  ota_1,    0x820000,  0x400000
coredump,   data, coredump, 0xc20000,  0x10000
